,,,,,,,,,,,,,,,,,,,,,
,,,,pre tax(total),post tax(total,,,,,,,,,,,,,,,,
,,,total cost,354,387.1875,,,,,,,,,,,,,,,,
,,,,pre tax(without frame),post tax (without frame),,,,,,,,,,,,,,,,
,,,,304,332.5,,,,,,,,,,,,,,,,
,,name,link,cost,amount,description,,,,,,,,,,,,,,,
,,edf,https://www.amazon.com/50MM-EDF-Electric-ESC-Aircraft/dp/B0D9K8CQFJ/ref=sr_1_8?crid=14T133GKEE1IW&dib=eyJ2IjoiMSJ9.0H9RKSbIZJekIZ9xsyzBlZ5CgJ-Xwb5_4RaihE8yrK7Bw59vrHdJt6H0rh1aQcl3JZx7YT2iRvsZgdIn1X3aDTmOxywsvO_4v9pVFnCjaJndI-ST0RFCc_1Bv5-KpRL0atG3sr9Khmrf6eVSvu2mLrQzjtxbMTvUv1Wb3t_3BpPoYRO1LvZE3DjdXILMxyCJX1et6h6t17Lb0cmsXvyMvEdEIxJ_yyWexldQgIVeM3XYPGONsgLf3cE4ROH1ZOEFzAOlANOhAVjIs_Vu-0dugvLwxoDU2cfKYyvrdzZLB9o.lTW38_zhNjyDRlTSWRR9NgGhAuuUQ7sLoawtpwbncl0&dib_tag=se&keywords=edf%2B2kg%2Bwith%2Besc&qid=1774904954&sprefix=edf%2B2kg%2Bwith%2Besc%2Caps%2C197&sr=8-8&th=1,53,2,the 2 main fans that give thrust to the airplane,,,,,,,,,,,,,,,106
,,,,,,,,,,,,,,,,,,,,,0
,,,,,,,,,,,,,,,,,,,,,0
,,frame,pc cf,50,1,The main material that the frame is made out of (will be self sourced),,,,,,,,,,,,,,,50
,,controller + reciever,https://www.amazon.com/Flysky-FS-i6X-Transmitter-FS-iA6B-Receiver/dp/B0744DPPL8,60,1,,,,,,,,,,,,,,,,60
,,servo,https://www.amazon.com/4-Pack-MG996R-Torque-Digital-Helicopter/dp/B07MFK266B?th=1,18,1,,,,,,,,,,,,,,,,18
,,charger,https://www.amazon.com/OVONIC-Mate1-Battery-Charger-100W/dp/B0GS59WSPQ/ref=sr_1_3_sspa?crid=34HLC5X29ACVA&dib=eyJ2IjoiMSJ9.HZBK9X7LlbNKkF6v7HkEh6MGn2eBxDwuPSyhWe9ivY2W6px7VJ0ClsaTztVE9AnqxnEpcAPfvHNaBnJzcYxffOvQHoq8O1E3UlBxXuvCPoZnVN4LyNRUxnNewvAwYUhbKRM8YiFGT9DuyorzkUdUEFgypG54lRD0JXUVYGF2D07tL_JTfFeVhim_kwYwRn2LRtJdd8p-LZKkd4tM54LsOhkcYzoeFfm7NmN5dhHecLVHptB_akLhMwKZ_Xwx4Vt742w-qd1woIl8rg53CuI6hSL_1kZ0z14TU0V8ZpOdMJY.GXqe7xSE_PYkBcEm6iiLgpfXQ2ljzlU78fB-UM-RdaQ&dib_tag=se&keywords=lipo+charger+6s&qid=1774904432&sprefix=lipo+charger+6s%2Caps%2C181&sr=8-3-spons&sp_csd=d2lkZ2V0TmFtZT1zcF9hdGY&psc=1,50,1,,,,,,,,,,,,,,,,50
,,battery,https://www.amazon.com/OVONIC-Battery-3500mAh-14-8V-Connector/dp/B0DF1V1Z6P/ref=sr_1_2_sspa?crid=19YXGLF7NJN0&dib=eyJ2IjoiMSJ9.JT7MicYzgDu9ZKOna6paNQRgcs6ORmDCh41nz_jG6OrGb7ak0Le3RaAPO_YMhwsGM71Qzjm7OOze9bVyj75m7rVKujDVDuwHdxaJfreiIEBZYkYIoOl5OvTMOGsnc_ESqiZaxYmkK9MD2xprmxIOf0P9ttdFJp1byX-5SbzbjHgxz78kCh-4tYWgm8TFk6mPO_i-4ZMNJDOTwvdaiJiTYdplNoF2MQ1b60lzOaMrzx54hLknz67AaCAmbYAdukjWNlnB2ibhTq1xdy5t4uDWlaKN9KRhVZauYjDKxa4jVyU.BYhOzZbVin2m6KGlTeKmHQ2oCwtbNzO_X5uV3vWJUUk&dib_tag=se&keywords=4s+lipo&qid=1774937410&sprefix=4s+lipo%2Caps%2C210&sr=8-2-spons&sp_csd=d2lkZ2V0TmFtZT1zcF9hdGY&psc=1,70,1,,,,,,,,,,,,,,,,70
,,,,,,,,,,,,,,,,,,,,,0
,,,,,,,,,,,,,,,,,,,,,0
,,,,,,,,,,,,,,,,,,,,,0
,,,,,,,,,,,,,,,,,,,,,0
,,,,,,,,,,,,,,,,,,,,,0
,,,,,,,,,,,,,,,,,,,,,0
,,,,,,,,,,,,,,,,,,,,,0
,,,,,,,,,,,,,,,,,,,,,0
,,,,,,,,,,,,,,,,,,,,,0
,,,,,,,,,,,,,,,,,,,,,0
,,,,,,,,,,,,,,,,,,,,,0
,,,,,,,,,,,,,,,,,,,,,0
,,,,,,,,,,,,,,,,,,,,,0
,,,,,,,,,,,,,,,,,,,,,0
,,,,,,,,,,,,,,,,,,,,,0
,,,,,,,,,,,,,,,,,,,,,0
,,,,,,,,,,,,,,,,,,,,,0
,,,,,,,,,,,,,,,,,,,,,0
,,,,,,,,,,,,,,,,,,,,,0
,,,,,,,,,,,,,,,,,,,,,0
,,,,,,,,,,,,,,,,,,,,,0
,,,,,,,,,,,,,,,,,,,,,0
,,,,,,,,,,,,,,,,,,,,,0
,,,,,,,,,,,,,,,,,,,,,0
,,,,,,,,,,,,,,,,,,,,,0
,,,,,,,,,,,,,,,,,,,,,0
,,,,,,,,,,,,,,,,,,,,,0
,,,,,,,,,,,,,,,,,,,,,0
,,,,,,,,,,,,,,,,,,,,,0
,,,,,,,,,,,,,,,,,,,,,0
,,,,,,,,,,,,,,,,,,,,,0
,,,,,,,,,,,,,,,,,,,,,0
,,,,,,,,,,,,,,,,,,,,,0
,,,,,,,,,,,,,,,,,,,,,0
,,,,,,,,,,,,,,,,,,,,,0
,,,,,,,,,,,,,,,,,,,,,0
,,,,,,,,,,,,,,,,,,,,,0
,,,,,,,,,,,,,,,,,,,,,0
,,,,,,,,,,,,,,,,,,,,,0
,,,,,,,,,,,,,,,,,,,,,0
,,,,,,,,,,,,,,,,,,,,,0
,,,,,,,,,,,,,,,,,,,,,0
,,,,,,,,,,,,,,,,,,,,,0
,,,,,,,,,,,,,,,,,,,,,0
,,,,,,,,,,,,,,,,,,,,,0
,,,,,,,,,,,,,,,,,,,,,0
,,,,,,,,,,,,,,,,,,,,,0
,,,,,,,,,,,,,,,,,,,,,0
,,,,,,,,,,,,,,,,,,,,,0
,,,,,,,,,,,,,,,,,,,,,0
,,,,,,,,,,,,,,,,,,,,,0
,,,,,,,,,,,,,,,,,,,,,0
,,,,,,,,,,,,,,,,,,,,,0
,,,,,,,,,,,,,,,,,,,,,0
,,,,,,,,,,,,,,,,,,,,,0
,,,,,,,,,,,,,,,,,,,,,0
,,,,,,,,,,,,,,,,,,,,,0
,,,,,,,,,,,,,,,,,,,,,0
,,,,,,,,,,,,,,,,,,,,,0
,,,,,,,,,,,,,,,,,,,,,0
,,,,,,,,,,,,,,,,,,,,,0
,,,,,,,,,,,,,,,,,,,,,0
,,,,,,,,,,,,,,,,,,,,,0
,,,,,,,,,,,,,,,,,,,,,0
,,,,,,,,,,,,,,,,,,,,,0
,,,,,,,,,,,,,,,,,,,,,0
,,,,,,,,,,,,,,,,,,,,,0
,,,,,,,,,,,,,,,,,,,,,0
,,,,,,,,,,,,,,,,,,,,,0